{"cameraMode":{"drawMode":0,"name":"Shaded","section":"Shading Mode"},"sceneLighting":true,"audioPlay":false,"sceneViewState":{"m_AlwaysRefresh":false,"showFog":true,"showSkybox":true,"showFlares":true,"showImageEffects":true,"showParticleSystems":true,"showVisualEffectGraphs":true,"m_FxEnabled":true},"in2DMode":false,"pivot":{"x":-2.2676146030426027,"y":-2.3436226844787599,"z":7.2406840324401859},"rotation":{"x":0.5518993139266968,"y":-0.15732650458812715,"z":0.10694181174039841,"w":0.8119256496429443},"size":10.047335624694825,"orthographic":true}