{"cameraMode":{"drawMode":0,"name":"Shaded","section":"Shading Mode"},"sceneLighting":true,"audioPlay":false,"sceneViewState":{"m_AlwaysRefresh":false,"showFog":true,"showSkybox":true,"showFlares":true,"showImageEffects":true,"showParticleSystems":true,"showVisualEffectGraphs":true,"m_FxEnabled":true},"in2DMode":false,"pivot":{"x":1.0413274765014649,"y":0.8862605094909668,"z":6.950661659240723},"rotation":{"x":0.27506276965141299,"y":-0.2564619779586792,"z":0.07639407366514206,"w":0.9234395623207092},"size":5.892366409301758,"orthographic":true}